Xaxis0,yaxis
-13.054299999996147,5.607479
-3.001699999993434,15.074601
0.0,15.157848
3.0020000000004075,12.58197
