Xaxis0,yaxis
-14.892900000006193,44.256466
-11.971799999999348,79.965759
-2.8709000000017113,174.207916
0.0,180.535736
15.096399999994901,103.314064
18.12709999999788,79.259499
24.984099999994214,47.340519
27.91479999999865,40.812061
30.9146999999939,33.157162
52.87029999999504,12.527282
56.8408999999956,10.98284
59.83099999999831,12.754846
71.88989999999467,10.171088
81.82649999999558,9.407341
84.82809999999881,7.376689
90.83150000000023,8.111387
101.89259999999922,7.257411
