Xaxis0,yaxis
-16.056299999996554,19.694061
-12.984899999995832,36.32468
-6.003599999996368,50.224075
-3.0020000000004075,52.000443
0.0,53.137535
12.148100000005797,33.872536
14.962700000003679,25.11002
