Xaxis0,yaxis
-12.022000000004482,30.226536
-9.100900000004913,59.737408
0.0,130.327988
2.8708999999944353,128.295074
17.967299999996612,44.515038
20.997899999994843,27.842806
27.854999999995925,15.220896
30.78570000000036,13.015026
33.78570000000036,11.717626
