Xaxis0,yaxis
-13.054299999996147,23.593563
-9.982899999995425,31.571577
-3.00170000000071,55.230408
0.0,60.845917
3.0020000000004075,59.943344
15.149900000003981,44.974495
17.964599999999336,39.820065
